{
  "hash": "b73903fa",
  "configHash": "b9af3952",
  "lockfileHash": "26689043",
  "browserHash": "9c2d4354",
  "optimized": {
    "@angular/common": {
      "src": "../../../../../node_modules/@angular/common/fesm2022/common.mjs",
      "file": "@angular_common.js",
      "fileHash": "9b1dbc21",
      "needsInterop": false
    },
    "@angular/common/http": {
      "src": "../../../../../node_modules/@angular/common/fesm2022/http.mjs",
      "file": "@angular_common_http.js",
      "fileHash": "61b41938",
      "needsInterop": false
    },
    "@angular/core": {
      "src": "../../../../../node_modules/@angular/core/fesm2022/core.mjs",
      "file": "@angular_core.js",
      "fileHash": "824bf4b3",
      "needsInterop": false
    },
    "@angular/forms": {
      "src": "../../../../../node_modules/@angular/forms/fesm2022/forms.mjs",
      "file": "@angular_forms.js",
      "fileHash": "56bead23",
      "needsInterop": false
    },
    "@angular/platform-browser": {
      "src": "../../../../../node_modules/@angular/platform-browser/fesm2022/platform-browser.mjs",
      "file": "@angular_platform-browser.js",
      "fileHash": "46d17ebf",
      "needsInterop": false
    },
    "@angular/router": {
      "src": "../../../../../node_modules/@angular/router/fesm2022/router.mjs",
      "file": "@angular_router.js",
      "fileHash": "250c7800",
      "needsInterop": false
    },
    "@ng-bootstrap/ng-bootstrap": {
      "src": "../../../../../node_modules/@ng-bootstrap/ng-bootstrap/fesm2022/ng-bootstrap.mjs",
      "file": "@ng-bootstrap_ng-bootstrap.js",
      "fileHash": "fdea4c0e",
      "needsInterop": false
    },
    "rxjs": {
      "src": "../../../../../node_modules/rxjs/dist/esm5/index.js",
      "file": "rxjs.js",
      "fileHash": "8ff220ce",
      "needsInterop": false
    }
  },
  "chunks": {
    "chunk-RNG6EJWI": {
      "file": "chunk-RNG6EJWI.js"
    },
    "chunk-3BHTDJTD": {
      "file": "chunk-3BHTDJTD.js"
    },
    "chunk-XWBCBHPY": {
      "file": "chunk-XWBCBHPY.js"
    },
    "chunk-IJXGLLET": {
      "file": "chunk-IJXGLLET.js"
    },
    "chunk-NZ3K4W5G": {
      "file": "chunk-NZ3K4W5G.js"
    },
    "chunk-2CVCC5YH": {
      "file": "chunk-2CVCC5YH.js"
    }
  }
}